,Statistic,Session 128,Session 129,Session 130
0,Percentage bipartisan votes (polarization < 10%),0.19298245614035087,0.13636363636363635,0.09821428571428571
1,Percentage polarized votes (polarization > 90%),0.32216905901116427,0.4659090909090909,0.6071428571428571
2,Average polarization,0.5963589509348137,0.7099877907642798,0.7768345011812772
3,Average Democratic unanimity,0.9584273720550828,0.9490596228739677,0.9491108613875667
4,Average Republican unanimity,0.8880747126725497,0.9212150801454815,0.9502127638570795
